EPISODE,TITLE,subjects,APPLE_FRAMEAURORA_BOREALISBARNBEACHBOATBRIDGEBUILDINGBUSHESCABINCACTUSCIRCLE_FRAMECIRRUSCLIFFCLOUDSCONIFERCUMULUSDECIDUOUSDIANE_ANDREDOCKDOUBLE_OVAL_FRAMEFARMFENCEFIREFLORIDA_FRAMEFLOWERSFOGFRAMEDGRASSGUESTHALF_CIRCLE_FRAMEHALF_OVAL_FRAMEHILLSLAKELAKESLIGHTHOUSEMILLMOONMOUNTAINMOUNTAINSNIGHTOCEANOVAL_FRAMEPALM_TREESPATHPERSONPORTRAITRECTANGLE_3D_FRAMERECTANGULAR_FRAMERIVERROCKSSEASHELL_FRAMESNOWSNOWY_MOUNTAINSPLIT_FRAMESTEVE_ROSSSTRUCTURESUNTOMB_FRAMETREETREESTRIPLE_FRAMEWATERFALLWAVESWINDMILLWINDOW_FRAMEWINTERWOOD_FRAMED
S01E01,A WALK IN THE WOODS,0000000100000000100000000001000000000000000000001000000000110000000
S01E02,MT. MCKINLEY,0000000010000110000000000000000000000100000000000001100000110000010
S01E03,EBONY SUNSET,0000000010000010000001000000000000000110000000000000000110110000010
S01E04,WINTER MIST,0000000100000110000000000000000010000100000000000000100000110000000
S01E05,QUIET STREAM,0000000000000000100000000000000000000000000000001100000000110000000
S01E06,WINTER MOON,0000000010000010000000000000000010001111000000000001100100110000010
S01E07,AUTUMN MOUNTAINS,0000000000000000100000000000000010000110000000000000100000110000000
S01E08,PEACEFUL VALLEY,0000000100000010000000000000000010000110000000000000000000110000000
S01E09,SEASCAPE,0001000000000100000001000000000000000000100000000000000000000000000
S01E10,MOUNTAIN LAKE,0000000100000010100000000000000010000100000000000000000000110000000
S01E11,WINTER GLOW,0000000000000000100000000000000010000000000000000000000000110000000
S01E12,SNOWFALL,0000000000010110000000000000000010000110000000000000100000110000000
S01E13,FINAL REFLECTIONS,0000000100000010100000000001000000000100000000000000100000110000000
S02E01,MEADOW LAKE,0000000100000011100000000001000010000100000000000000100000110000000
S02E02,WINTER SUN,0000000000000010000000000000000010000000000000000001000010110000000
S02E03,EBONY SEA,0000000000000101100000000000000000000000100000000000000010110010000
S02E04,SHADES OF GREY,0000000110000111100000000000000010000110000000000001100100110000000
S02E05,AUTUMN SPLENDOR,0000000100000000100000000001000010000000000000000000000000110000000
S02E06,BLACK RIVER,0000000100000101100000000001000000000000000000001000000000110000000
S02E07,BROWN MOUNTAIN,0000000000000111000000000001000010000110000000000000000000110000000
S02E08,REFLECTIONS,0000000100010110000000000000000010000100000000000000100000110000000
S02E09,BLACK & WHITE SEASCAPE,0000000000010001100000000000000000000000100000000100000010110010000
S02E10,LAZY RIVER,0000000000000000100000000001000000000000000000001000000000110000000
S02E11,BLACK WATERFALL,0000000100000111100000000001000000000000000000001100000000110100000
S02E12,MOUNTAIN WATERFALL,0000000000000000100000000001000010000110000000000000100000110100000
S02E13,FINAL GRACE,0000000100000111000000000000000010000110000000000000100000110000000
S03E01,MOUNTAIN RETREAT,0000000110000010100000000000000010000110000000000000000100110000000
S03E02,BLUE MOON,0000000000000101000000000000000000001001101000000000000000110010000
S03E03,BUBBLING STREAM,0000000000000000100000000001000000000000000000001100000000110000000
S03E04,WINTER NIGHT,0000000010000010000000000000000000000000000000000001000100110000010
S03E05,DISTANT HILLS,0000000000010110100000000000000110000110000000000000000000110000000
S03E06,COVERED BRIDGE,0000010000000000100000000000000000000000000100000000000100110000000
S03E07,QUIET INLET,0000000000000000100000000000000010000110000000000000000000110000000
S03E08,NIGHT LIGHT,0000000000001101000000000000000000100001100000000000000100000010000
S03E09,THE OLD MILL,0000000110000101100000000000000000010000000000001000000100110000000
S03E10,CAMPFIRE,0000000100000000100000100000000010000000000010000000000000110000000
S03E11,RUSTIC BARN,0010000000000000100001000000000010000000000000000000000100110000000
S03E12,HIDDEN LAKE,0000000100000010100000000000000010000110000000000000000000110000000
S03E13,PEACEFUL WATERS,0000000000000111100000000000100010000100000000000000101000110000000
S04E01,PURPLE SPLENDOR,0000000010000010000000000000000010000000000000000001000100110000010
S04E02,TRANQUIL VALLEY,0000000100000101100000000001000010000110000000000000000000110000000
S04E03,MAJESTIC MOUNTAINS,0000000100000010000000000001000000000110000000000000100000110000000
S04E04,WINTER SAWSCAPE,0000000010100111100000000010100010000000000000000001000100110000010
S04E05,EVENING SEASCAPE,0001000000001111000000000000000000000000100000000100000000110010000
S04E06,WARM SUMMER DAY,0000000100000000100000000000000010000000000000000000000000110000000
S04E07,CABIN IN THE WOODS,0000000010000000100000000001000000000000000100000000000100110000000
S04E08,WETLANDS,0000000000000010100000000001000010000000000000000000000000110000000
S04E09,COOL WATERS,0000000100000110000000000000000010000110000000000000100000110000000
S04E10,QUIET WOODS,0000000100000010000000000001000000000000000000001000000000110000000
S04E11,NORTHWEST MAJESTY,0000000000000111010000000000100000000110000000000000100000110000000
S04E12,AUTUMN DAYS,0000000000000000100000000001000110000000000000000000000000110000000
S04E13,MOUNTAIN CHALLENGE,0000000000000010000000000001000010000100000000000000100000100000000
S05E01,MOUNTAIN WATERFALL,0000000100000111000000000000000010000110000000000000100000110100000
S05E02,TWILIGHT MEADOW,0000000000000101100000000001000010000000000000000000000000110000000
S05E03,MOUNTAIN BLOSSOMS,0000000000000010000000001000100000000110000000000001100000110000000
S05E04,WINTER STILLNESS,0000000000000010100000000000000010000000000000000001000000110000010
S05E05,QUIET POND,0000000000000000100000000001000010000000000000000000000000110000000
S05E06,OCEAN SUNRISE,0000000000000100000000000001100000000000100000000000000010000000000
S05E07,BUBBLING BROOK,0000000000000000100000000001000000000000000000001100000000110000000
S05E08,ARIZONA SPLENDOR,0000000000000000100000000001000000000110000000001000000000110000000
S05E09,ANATOMY OF A WAVE,0000000000000000000000000000100000000000100000000000000000000010000
S05E10,THE WINDMILL,0010000000000100100000000000000000000000000100000000000100100001000
S05E11,AUTUMN GLORY,0000000100000101100000000001000010000100000000000100100000110000000
S05E12,INDIAN GIRL,0000000000000000000000000000100000000000000001000000000000000000000
S05E13,MEADOW STREAM,0010000000000100100000000001000000000000000000001100000100110000000
S06E01,BLUE RIVER,0000000100000010100000000001000100000000000000001000000000110000000
S06E02,NATURE'S EDGE,0000000110000100100000000101000010000000000000000000000100110000000
S06E03,MORNING MIST,0000000000000110000000000100000010000100000000000000100000110000000
S06E04,WHISPERING STREAM,0000000000000000100000000001000000000000000000001100000000110000000
S06E05,SECLUDED FOREST,0000000100000000100000000000000000000000000000001000000000110000000
S06E06,SNOW TRAIL,0000000000000111000000000001000000000000000000000001000000110000000
S06E07,ARCTIC BEAUTY,0000000000010110000000000001000000000110000000001000100000110100000
S06E08,HORIZONS WEST,0000000100000010000000000000000010000100000000000000100000110000000
S06E09,HIGH CHATEAU,0000000110000111000000000001000000000000000000000100000000110000000
S06E10,COUNTRY LIFE,0010000000010100000001000001000000000000000000000000000000000000000
S06E11,WESTERN EXPANSE,0000000000010100100000000000000000000110000000001000000000100000000
S06E12,MARSHLANDS,0000000100000100100000000000000010000000000000000000000000110000000
S06E13,BLAZE OF COLOR,0000000000000110100000000001000100000000000000001000000000110000000
S07E01,WINTER CABIN,0000000010000100100000000000000000000000000000000001000100100000010
S07E02,SECLUDED LAKE,0000000000000100100000000001000010000000000000000100000000110000000
S07E03,EVERGREENS AT SUNSET,0000000000010110100000000000000000000000000000001000000010110000000
S07E04,MOUNTAIN CABIN,0000000010000111100000000000000000000110000000001000100100110000000
S07E05,PORTRAIT OF SALLY,0000000000000000000000000000100000000000000001000000000000000000000
S07E06,MISTY WATERFALL,0000000100000101100000000000000010000000000000001000000000110100000
S07E07,BARN AT SUNSET,0010000000000101100000000000000000000000000100000001000100110000000
S07E08,MOUNTAIN SPLENDOR,0000000100000000100000000000000000000100000000001000100000110000000
S07E09,LAKE BY MOUNTAIN,0000000100000101100000000000100010000100000000000000101000110000000
S07E10,MOUNTAIN GLORY,0000000000000110000000000001000000000110000000000000100000110000000
S07E11,GREY WINTER,0000000100000100000000000000000010000000000000000001000000110000010
S07E12,DOCK SCENE,0000100000000101101000000000000010000000000000000000000100100000000
S07E13,DARK WATERFALL,0000000100000000100000000000000000000000000000001000000000110100000
S08E01,MISTY ROLLING HILLS,0000000000000010000000000101000000000110000000000000000000110000000
S08E02,LAKESIDE CABIN,0000000110100100100000000011000010000000000000000000000100110000000
S08E03,WARM WINTER DAY,0000000010000000100000000001000000000000000000000001000110110000010
S08E04,WATERSIDE WAY,0000000100000000100000000001000010000000000100000100000000110000000
S08E05,HUNTER'S HAVEN,0000000010010110100000000000000000000000000100001100000100110000000
S08E06,BUBBLING MOUNTAIN BROOK,0000000100000110000000000001000000000110000000001000000000110000000
S08E07,WINTER HIDEAWAY,0000000010000010100001000000000000000000000000000001000100110000010
S08E08,FOOT OF THE MOUNTAIN,0000000000000010100000000001000000000110000000001000100000110000000
S08E09,MAJESTIC PINE,0000000100000110000000000010000000000000000000010000000000110000000
S08E10,CACTUS AT SUNSET,0000000001000100000000000000000000000000000100000100000000000000000
S08E11,MOUNTAIN RANGE,0000000000000111100000000000100010000110000000000000101000110000000
S08E12,LONELY RETREAT,0000000010000110000000000000000000000000000000000001000100100000010
S08E13,NORTHERN LIGHTS,0100000010000010100000000000000010000101000000000001100100110000010
S09E01,WINTER EVERGREENS,0000000000010110000000000000000000000110000000000001100010110000010
S09E02,SURF'S UP,0001000000001101000000000000000000000000100000000100000000000010000
S09E03,RED SUNSET,0000000100000110000000000000000010000000000000000000000000110000000
S09E04,MEADOW ROAD,0000000100000111100000000001000000000110000100000000100000110000000
S09E05,WINTER OVAL,0000000110000010000000000110000000000100010000001000100100110000000
S09E06,SECLUDED BEACH,0001000000000101000000000000000000000000100000000100000000000010000
S09E07,FOREST HILLS,0000000100000010100000000000000000000110000000001100100000110000000
S09E08,LITTLE HOUSE BY-THE-ROAD,0000000010000000100001000000000000000100000100000000000100110000000
S09E09,MOUNTAIN PATH,0000000100000100000000000000000000000100000000001000100000110000000
S09E10,COUNTRY CHARM,0000000000000000000000000000000000000000000000000000000000000000000
S09E11,NATURE'S PARADISE,0000000100000101100000000001000000000110000000001000000000110000000
S09E12,MOUNTAIN-BY-THE-SEA,0001000100000101100000000000000000000100100000000000100000100010000
S09E13,MOUNTAIN HIDE-AWAY,0000000000010110100000000001000000000110000000001000100000110000000
S10E01,TOWERING PEAKS,0000000100000111100000000000000110000100000000000000100000110000000
S10E02,CABIN AT SUNSET,0000000010000110000001000001000000000000000000000000000100110000000
S10E03,TWIN FALLS,0000000000000110100000000001000100000000000000001100000000110100000
S10E04,SECLUDED BRIDGE,0000010000000000100000000000000000000000000000001100000100110000000
S10E05,OCEAN BREEZE,0000000000000101000000000000000000000000100000000100000000000010000
S10E06,AUTUMN WOODS,0000000100000111100000000000000010000110000000000000100000110000000
S10E07,WINTER SOLITUDE,0000000100000000100000000000000000000000000000000001000000110000010
S10E08,GOLDEN SUNSET,0000000000000000100000000000000010000000000000000001000010110000000
S10E09,MOUNTAIN OVAL,0000000100010110100000000010100010000110010000000000101000110000000
S10E10,OCEAN SUNSET,0001000000000100000000000000000000000000100000000100000000000010000
S10E11,TRIPLE VIEW,0000000010000010100000000011000000000110000100000000100100111000000
S10E12,WINTER FROST,0000000000000110100000000000000000000110000000000001100010110000010
S10E13,LAKESIDE CABIN,0000000010000101100000000001000010000000000100000100000100110000000
S11E01,MOUNTAIN STREAM,0000000000000010000000000001000000000100000000001000100000110000000
S11E02,COUNTRY CABIN,0000000110000110100000000000000000000000000000000001000100110000010
S11E03,DAISY DELIGHT,0000000000000010000001001000000000000000000000000000000000110000000
S11E04,HIDDEN STREAM,0000000100000100100000000000000000000000000000001000000000110100000
S11E05,TOWERING GLACIER,0000000000000111000000000001000000000100000000001100100000110100000
S11E06,OVAL BARN,0010000100000101100000000010000000000000010000000001000100110000010
S11E07,LAKESIDE PATH,0000000100000111100000000001000010000000000100000100000000110000000
S11E08,SUNSET OVAL,0000000100000111100000000010000010000100010000000000100000110000000
S11E09,WINTER BARN,0010000000010100100000000000000000000000000000000001000100110000010
S11E10,SUNSET OVER THE WAVES,0001000000000100000000000000000000000000100000000100000010000010000
S11E11,GOLDEN GLOW,0000000000000110000000000000000010000000000000000001000000110100000
S11E12,ROADSIDE BARN,0010000000000101100001000000000010000000000100000000000100110000000
S11E13,HAPPY ACCIDENT,0000000100000000100000000001000000000000000000001100000000110000000
S12E01,GOLDEN KNOLL,0000000010000000100000000101000000000000000000000000000110100000000
S12E02,MOUNTAIN REFLECTIONS,0000000100000111000000000000000000000110000000001100100000110000000
S12E03,SECLUDED MOUNTAIN,0000000000000111100000000001000010000100000000000100000000110000000
S12E04,BRIGHT AUTUMN TREES,0000000100000000100000000000000000000000000100001000000000110000000
S12E05,BLACK SEASCAPE,0001000000000101000000000000000000000001100000000100000000000010000
S12E06,STEEP MOUNTAINS,0000000110010110100000000001000010000110000000000000000100110000000
S12E07,QUIET MOUNTAIN RIVER,0000000100000111100000000001000000000100000000001000100000110000000
S12E08,EVENING WATERFALL,0000000000000010000000000001000000000000000000001000000000110100000
S12E09,TROPICAL SEASCAPE,0001000000010100000000000000000000000000101000000000000000000010000
S12E10,MOUNTAIN AT SUNSET,0000000100000110100000000001000000000100000000001000100000110000000
S12E11,SOFT MOUNTAIN GLOW,0000000100000010000000000001000000000100000000001000100000110000000
S12E12,MOUNTAIN IN AN OVAL,0000000100000111100000000011000000000110010000001000000010110000000
S12E13,WINTER MOUNTAIN,0000000000000010000000000000000000000110000000001001100000110000010
S13E01,ROLLING HILLS,0000000100000000100000000001000110000000000000000000000000110000000
S13E02,FROZEN SOLITUDE,0000000110000110000000000000000010000110000000000001100100110000010
S13E03,MEADOW BROOK,0000000000010100100000000011000000000100010000001000000000110000000
S13E04,EVENING AT SUNSET,0000000110010110100000000000000000000000000000001100000100110000000
S13E05,MOUNTAIN VIEW,0000000000000100100000000001000000000110000000001100000000110000000
S13E06,HIDDEN CREEK,0000000000000000100000000001000000000000000000001000000000110000000
S13E07,PEACEFUL HAVEN,0000000000000111000000000000000000000000000100001000000000110000000
S13E08,MOUNTAIN EXHIBITION,0000000000000111000000000001000000000110000000001000100000110000000
S13E09,EMERALD WATERS,0000000100000000100000000000000010000000000000000000000000110000000
S13E10,MOUNTAIN SUMMIT,0000000100000111100000000000000000000100000000001000100000110000000
S13E11,CABIN HIDEAWAY,0000000010000010100000000000000010000110000000000001000100110000010
S13E12,OVAL ESSENCE,0000000000000110000000000010000000000001110000000100000000110010000
S13E13,LOST LAKE,0000000000000010000000000001000010000110000100000000100000110000000
S14E01,DISTANT MOUNTAINS,0000000100000111000000000000000010000110000100000000100000110000000
S14E02,MEADOW BROOK SURPRISE,0000000000000010000000000001000000000000000000001000000000110000000
S14E03,MOUNTAIN MOONLIGHT OVAL,0000000000000010100000000011000000000111010000000000000000110000000
S14E04,SNOWY SOLITUDE,0000000000010100100001000000000000000000000000000001000000110000010
S14E05,MOUNTAIN RIVER,0000000100000111000000000110000000000110000000001100000001110000000
S14E06,GRACEFUL MOUNTAINS,0000000000010110100000000000000000000110000000001000100000110000000
S14E07,WINDY WAVES,0001000000000101000000000001000000000000101000000000000000000010000
S14E08,ON A CLEAR DAY,0000000000000010000000000000000000000100000000001001100010110000010
S14E09,RIVERSIDE ESCAPE OVAL,0000000000000101100000000010000000000000010100001000000000110000000
S14E10,SURPRISING FALLS,0000000000010100100000000000100010000110000000000000101000100100000
S14E11,SHADOW POND,0000000000000000100000000001000010000000000000000000000000110000000
S14E12,MISTY FOREST OVAL,0000000000000100100000000111000000000000010000000000000000110000000
S14E13,NATURAL WONDER,0000000000000111100000000001000010000100000000000000100000110000000
S15E01,SPLENDOR OF WINTER,0000000100010110100000000000000000000000000000000001000010110000010
S15E02,COLORS OF NATURE,0000000000000101100000000001000000000000000000001000000000110000000
S15E03,GRANDPA'S BARN,0010000000000000100001000001000000000000000100000000000100110000000
S15E04,PEACEFUL REFLECTIONS,0000000000000000000000000000000000000000000000000000000000000000000
S15E05,HIDDEN WINTER MOON OVAL,0000000010010110000000000010000010000110010000000000100100110000010
S15E06,WAVES OF WONDER,0001000000000101000000000000000000000000100000000100000000000010000
S15E07,CABIN BY THE POND,0000000010000110100000000001000010000000000000000000000100110000000
S15E08,FALL STREAM,0000000000000101100000000001000000000110000000001100000000110000000
S15E09,CHRISTMAS EVE SNOW,0000000010000111000000000000000000000110000000000001100100110000010
S15E10,FOREST DAWN OVAL,0000000100000000100000000011000000000000010100000000000000110000000
S15E11,PATHWAY TO AUTUMN,0000000010000000100000000001000000000000000100000000000100110000000
S15E12,DEEP FOREST LAKE,0000000000000000100000000000000010000000000000000100000000110000000
S15E13,PEAKS OF MAJESTY,0000000000010110000000000001000010000110000000000000000000110000000
S16E01,TWO SEASONS,0000000000000111100000000100000010000100000000000000100000110000000
S16E02,NESTLED CABIN,0000000010000000100000000001000000000000000100000000000100110000000
S16E03,WINTERTIME DISCOVERY,0000000010000110100000000000000000000000000000000001000100110000010
S16E04,MOUNTAIN MIRAGE,0000000100000111000000000100000000000000000000000001000000110000010
S16E05,DOUBLE OVAL FANTASY,0000000100000111000100000010000010000110000000000000100000110000000
S16E06,CONTEMPLATIVE LADY,0000000000000000000000000000100000000000000001000000000000000000000
S16E07,DEEP WOODS,0000000000000010000000000000000000000000000000001100000000110100000
S16E08,HIGH TIDE,0001000000000100000000000000000000000000101000000000000000000010000
S16E09,BARN IN SNOW OVAL,0010000000000010000001000010000000000000010000000001000100110000010
S16E10,THAT TIME OF YEAR,0000000000000100100000000000100110000000000000000000001000110000000
S16E11,WATERFALL WONDER,0000000100000000100000000000000000000000000000001100000000110100000
S16E12,MIGHTY MOUNTAIN LAKE,0000000000000101000000001001000010000100000000000000100000000000000
S16E13,WOODED STREAM OVAL,0000000000000000100000000010000000000000010000001100000000110000000
S17E01,GOLDEN MIST OVAL,0000000000000010000000000110000000000000010000001000000000110000000
S17E02,THE OLD HOME PLACE,0000000010000000100001000001000000000000000100000000000100100000000
S17E03,SOOTHING VISTA,0000000000000000100000000001000010000110000000000000000000110000000
S17E04,STORMY SEAS,0001000000000101000000000000000000000000100000000100000010000010000
S17E05,COUNTRY TIME,0000000010000000100000001010000010000000010000000000000100100000000
S17E06,A MILD WINTER'S DAY,0000000000000110100000000000000000000000000000001001000000110000010
S17E07,SPECTACULAR WATERFALL,0000000000000010000000000000000000000110000000001100000000110100000
S17E08,VIEW FROM THE PARK,1000011000000000100000000010000010000000000000000000000100110000000
S17E09,LAKE VIEW,0000000000000010100000001001100110000000000000000000001000110000000
S17E10,OLD COUNTRY MILL,0000000000000000100000000000000000010000000000001100000100100100000
S17E11,MORNING WALK,0000000000000000100000000100000000000000000100000000000000110000000
S17E12,NATURE'S SPLENDOR,0000000000000010000000000001000000000100000000001000100000110000000
S17E13,MOUNTAIN BEAUTY,0000000000000001000000001001100110000100000000000000100000110000000
S18E01,HALF-OVAL VIGNETTE,0000000100000111000000000010001010000110000000000000000000110000000
S18E02,ABSOLUTELY AUTUMN,0000000100000101100000000001000000000000000000001000000000110000000
S18E03,MOUNTAIN SECLUSION,0000000010000110000000000000000000000110000000001001000100110000010
S18E04,CRIMSON OVAL,0000000000000000100000000001000000000000000000001000000000110100000
S18E05,AUTUMN EXHIBITION,0000000000000000100000000001000010000000000000000000000000110000000
S18E06,MAJESTIC PEAKS,0000000100000010000000000000000010000110000000000000100000110000000
S18E07,GOLDEN MORNING MIST,0000000000000000100000000101000000000000000000001000000000110000000
S18E08,WINTER LACE,0000000000000101100000000010010010000000000000000001000000110000010
S18E09,SEASCAPE FANTASY,0001000000010100000000000000000000000000100000000000000000000010000
S18E10,DOUBLE OVAL STREAM,0000000100000000100000000010000000000000000000001000000000110000000
S18E11,ENCHANTED FOREST,0000000000000000100000000000000000000000000100000000000000110000000
S18E12,SOUTHWEST SERENITY,0000000001010100000000000000000000000110000100000000000000000000000
S18E13,RIPPLING WATERS,0000000000000000100000000000000000000000000000001100000010110100000
S19E01,SNOWFALL MAGIC,0000000000000000100000000000000000000000000000001001000000110000010
S19E02,QUIET MOUNTAIN LAKE,0000000000000101100000000001000010000100000000000000000000110000000
S19E03,FINAL EMBERS OF SUNLIGHT,0000000000000000100000000010000000000000010000001000000010110000000
S19E04,SNOWY MORN,0000000010000010000000000000000000000000000000000001000100110000010
S19E05,CAMPER'S HAVEN,0000000100000010000000000001000010000110000000000000000000110000000
S19E06,WATERFALL IN THE WOODS,0000000000000000100000000001000000000000000000001100000000110100000
S19E07,COVERED BRIDGE OVAL,0000010000000010000001000010000000000000010000001001000100110000010
S19E08,SCENIC SECLUSION,0000000100000010100000000001000000000100000000001000000000110100000
S19E09,EBB TIDE,0001000000000101000000000000000000000000100000000100000010000010000
S19E10,AFTER THE RAIN,0000000000000000100000000000000000000000000100000000000000110000000
S19E11,WINTER'S ELEGANCE,0000000000000101100000000000000010000000000000000101000000110000010
S19E12,EVENING'S PEACE,0010000000000010100001000000000000001001000000000001000100110000010
S19E13,VALLEY OF TRANQUILITY,0000000100000111000000000001000000000110000000001000100000110100000
S20E01,MYSTIC MOUNTAIN,0000000000000111100000000000000010000100000000000000100000110000000
S20E02,NEW DAY'S DAWN,0010000000000010000001000001000000000000000100000000000110110000000
S20E03,PASTEL WINTER,0000000000000010100000000000000000000110000000000001100000110000010
S20E04,HAZY DAY,0000000000000000100000000110000000000000010000001100000000110000000
S20E05,DIVINE ELEGANCE,0000000000000111000000000000000010000110000000000100100000110000000
S20E06,CLIFFSIDE,0001000000001100000000000000000000000000100000000100000000000010000
S20E07,AUTUMN FANTASY,0000000000010110000000000000000000000110000000001000100000110000000
S20E08,THE OLD OAK TREE,0000000000000000100000000001000000000000000000001000000000100000000
S20E09,WINTER'S PARADISE,0000000000000111000000000000000000000100000000001001100000110000010
S20E10,DAYS GONE BY,0000010110000010100000000000000000000000000100000000000100110000000
S20E11,CHANGE OF SEASONS,0000000000000000100000000000000000000110000000001000100000110000000
S20E12,HIDDEN DELIGHT,0000000010000010100000000000000000000000000100001000000010110000000
S20E13,DOUBLE TAKE,0000000100000010000000000100000010000110000000000001100000110000010
S21E01,VALLEY VIEW,0000000000000010000000000000000010000110000000000000100000110000000
S21E02,TRANQUIL DAWN,0000000000000010100000000100000000000000000000001000000010110000000
S21E03,ROYAL MAJESTY,0000000000000110000000000000000000000110000000001100100000110100000
S21E04,SERENITY,0000000000000000100000001000000000000000000000001000000000110100000
S21E05,CABIN AT TRAIL'S END,0000000010000000100000000010000000000000010100000000000100110000000
S21E06,MOUNTAIN RHAPSODY,0000000000000010000000000000000010000100000000000001100000110000010
S21E07,WILDERNESS CABIN,0000000010000010000000000000000010000000000000000100000100110000000
S21E08,BY THE SEA,0001000000001101100000000000000000000000100000000100000010100010000
S21E09,INDIAN SUMMER,0000000100000010000000000000000000000000000000000000000000110000000
S21E10,BLUE WINTER,0000000000000111000000000000000000000110000000001001100000110000010
S21E11,DESERT GLOW,0000000001000100000000000010000000000100010100000000000000000000000
S21E12,LONE MOUNTAIN,0000000000000010000000000001000010000100000000000000100000110000000
S21E13,FLORIDA'S GLORY,0001000000000000000000010000000000000000101000000000000000000010000
S22E01,AUTUMN IMAGES,0000000100000101100000001000000000000000000000001000000000110000000
S22E02,HINT OF SPRINGTIME,0000000100000010000000000000000000000110000000001000100000110100000
S22E03,AROUND THE BEND,0000000000000010000000001000000000000000000000001100000000110000000
S22E04,COUNTRYSIDE OVAL,0000000000000100100000000011000100000000010000001000000000110000000
S22E05,RUSSET WINTER,0010000000000000100000000000000000000000000000000001000100100000010
S22E06,PURPLE HAZE,0000000100000000100000000001000000000000000000001000000000110100000
S22E07,DIMENSIONS,0000000000000010000000000010000000000110000000101000100000110000000
S22E08,DEEP WILDERNESS HOME,0000000010001000100000000001000000000000000000001000000000110100000
S22E09,HAVEN IN THE VALLEY,0000000010000010000000000010000010000110010100000000100100110000000
S22E10,WINTERTIME BLUES,0000000000000111000000000000000000000110000000000001000000110000010
S22E11,PASTEL SEASCAPE,0001000000000100000000000010000000000000110000000000000010000010000
S22E12,COUNTRY CREEK,0000000000000010000000000000000000000000000000001100000000110000000
S22E13,SILENT FOREST,0000000000000010000000000001000000000000000000001000000000110000000
S23E01,FROSTY WINTER MORN,0000000010000010100001000000000100000000000000000001000000110000010
S23E02,FOREST EDGE,0000000100000000100000000001000000000000000100000000000000110000000
S23E03,MOUNTAIN RIDGE LAKE,0000000000000111000000000001000010000110000000000000000000100000000
S23E04,REFLECTIONS OF GOLD,0000000000000100100000000010000000000000010000001001000010110000000
S23E05,QUIET COVE,0000000100000010100000000000000110000000000000000100000000110000000
S23E06,RIVER'S PEACE,0000000000000000100000000001000000000000000000001000000000110100000
S23E07,AT DAWN'S LIGHT,0000000100000010100000000000000010000000000100000000000000110000000
S23E08,VALLEY WATERFALL,0000000000000010000000000001000000000100000000001100100000100100000
S23E09,TOWARD DAY'S END,0000000110000000100000000011000000000000010000001000000100110000000
S23E10,FALLS IN THE GLEN,0000000000000010100000000001000000000100000000001000000000110100000
S23E11,FROZEN BEAUTY IN VIGNETTE,0000000010000010100000000000000010000000000000000001000100110000010
S23E12,CRIMSON TIDE,0001000000001100000000000000000000000000100000000100000010000010000
S23E13,WINTER BLISS,0000000100000000100000000010000010000110010000000001100000100000010
S24E01,GRAY MOUNTAIN,0000000100000010000000000000000000000100000000001000100000110000000
S24E02,WAYSIDE POND,0000000000000000100000000000000010000000000000000000000000110000000
S24E03,TETON WINTER,0000000010000000100000000000000000000100000000000001100100110000010
S24E04,LITTLE HOME IN THE MEADOW,0000000010000010100000000011000000000000010000000000000100110000000
S24E05,A PRETTY AUTUMN DAY,0000000000000110100000000001000000000100000000001100100000110000000
S24E06,MIRRORED IMAGES,0000000000000110000000000000000010000110000000000100000000110000000
S24E07,BACK COUNTRY,0000000100000000100000000000000000000000000100000000000000110000000
S24E08,GRACEFUL WATERFALL,0000000000001000100000000000000000000000000000001100000000110100000
S24E09,ICY LAKE,0000000000000010100000000010100010000000010000000001001000110000010
S24E10,ROWBOAT ON THE BEACH,0001100000000100000000000011000100000000110000000000000010000010000
S24E11,PORTRAIT OF WINTER,0000000100000010000000000000000010000110000000000001100000110000010
S24E12,THE FOOTBRIDGE,0000010000000010100000000001000000000000000000001100000100110000000
S24E13,SNOWBOUND CABIN,0000000010000110100001000000000000000000000000000001000000110000010
S25E01,HIDE-A-WAY COVE,0000000100000010000000000000000010000100000000000000100000110000000
S25E02,ENCHANTED FALLS OVAL,0000000000000000100000000010000000000000010000001000000000110100000
S25E03,NOT QUITE SPRING,0000000000000010000000000000000010000100000000000001100000110000010
S25E04,SPLASHES OF AUTUMN,0000000000000000100000000000000010000000000000001000000000110100000
S25E05,SUMMER IN THE MOUNTAIN,0000000100000110000000000000100010000110000000000000101000110000000
S25E06,ORIENTAL FALLS,0000000100000010000000000100000000000000000000000100000000110100000
S25E07,AUTUMN PALETTE,0000000000000000100001000000000010000000000000000000000000110000000
S25E08,CYPRESS SWAMP,0000000000000000100000000000000010000000000000000000000000100000000
S25E09,DOWNSTREAM VIEW,0000000000000111100000000001000000000000000000001100000000110000000
S25E10,JUST BEFORE THE STORM,0000000000000100000000000010000000000000111000000000000000000010000
S25E11,FISHERMAN'S PARADISE,0000000010000010000000000000000010000000000000000000000110110000000
S25E12,DESERT HUES,0000000001010100000000000000000000000100000100000000000000000000000
S25E13,THE PROPERTY LINE,0000000100000000100001000000000000000000000000000001000000100000010
S26E01,IN THE STILLNESS OF MORNING,0000000100000010000000000101000000000000000000001000000000110000000
S26E02,DELIGHTFUL MEADOW HOME,0000000010000000100001000001000000000000000100000000000100110000000
S26E03,FIRST SNOW,0000000000000110000000000001000000000100000000000001100000110000010
S26E04,LAKE IN THE VALLEY,0000000100000000100000000001000010000100000100000000100010110000000
S26E05,TRACE OF SPRING,0000000100000010100000001001000000000000000000001000000000110000000
S26E06,ARCTIC WINTER DAY,0000000010000110000000000000000010000110000000000001100100110000010
S26E07,SNOW BIRCH,0000000000000000100000000000000010000000000000000001000000110000010
S26E08,EARLY AUTUMN,0000000000000010100000000011000010000100010000000000000000110000000
S26E09,TRANQUIL WOODED STREAM,0000000000000000100000000000000000000000000000001100000000110000000
S26E10,PURPLE MOUNTAIN RANGE,0000000000000000000000000000000000000000000000000000000000000000000
S26E11,STORM'S A COMIN',0001000000000101000000000000000100000000100000000100000000000010000
S26E12,SUNSET AGLOW,0000000000000110000000000000000010000100000000000000000000110000000
S26E13,EVENING AT THE FALLS,0000000000000010000000000000000000000001000000001000000000110100000
S27E01,TWILIGHT BEAUTY,0000000000000010100000000110000010000000010000000000000010110000000
S27E02,ANGLER'S HAVEN,0000000000000010000000000000000010000110000000000100100000110000000
S27E03,RUSTIC WINTER WOODS,0000000000000000100000000000000000000000000000000001000010110000010
S27E04,WILDERNESS FALLS,0000000100000110000000000001000000000110000000001100000000110100000
S27E05,WINTER AT THE FARM,0000000000000010000011000000000000000000000000000001000100110000010
S27E06,DAISIES AT DAWN,0000000010000010100000001010000010000000010000000000000100110000000
S27E07,SPECTACULAR VIEW,0000000010000111000000000000000000000110000100000000000100110000000
S27E08,DAYBREAK,0000000010000010100001000100000000000000000000000001000100110000010
S27E09,ISLAND PARADISE,0001000000000100000000000010000100000000111000000100000000000010000
S27E10,SUNLIGHT IN THE SHADOWS,0000000100000000100000000001100000000000000000001000000010110000000
S27E11,SPLENDOR OF A SNOWY WHITE,0000000010000010100000000000000000000100000000000001100100110000010
S27E12,FOREST RIVER,0000000000000000100000000001000000000000000000001000000010110000000
S27E13,GOLDEN GLOW OF MORNING,0000000000000010000000000100000010000000000000000100000010110000000
S28E01,FISHERMAN'S TRAIL,0000000100000010000000000000000010000110000100000000100000110000000
S28E02,TO A WARM WINTER,0010000000000010100000000000000100000000000000000001000110110000010
S28E03,UNDER PASTEL SKIES,0000000000000110000000000000000000000100000000000000100000110000000
S28E04,GOLDEN RAYS OF SUNLIGHT,0000000100000000100000000000000000000000000000000000000010110000000
S28E05,MAGIC OF FALL,0000000000000000100001000001000000000000000000000000000000100000000
S28E06,GLACIER LAKE,0000000000000010000000000001000010000100000000000100100000110000000
S28E07,THE OLD WEATHERED BARN,0010000000000000100000000001000000000000000100000000000000110000000
S28E08,DEEP FOREST FALLS,0000000100000000100000000000000000000000000000001000000000110100000
S28E09,WINTER'S GRACE,0000000000000010000000000100000000000110000000000001000000110000010
S28E10,SPLENDOR OF AUTUMN,0000000000000000100000000101000010000000000000000000000010110000000
S28E11,TRANQUIL SEAS,0001000000000101000000000000000000000000100000000000000010000010000
S28E12,MOUNTAIN SERENITY,0000000100000010000000000001000010000100000000000000100000110000000
S28E13,HOME BEFORE NIGHTFALL,0000000010000100100000000001000000000001000000000000000100110000000
S29E01,ISLAND IN THE WILDERNESS,0000000100000010000000000000000010000000000000000000000000110000000
S29E02,AUTUMN OVAL,0000000100000010000000000010000010000010010000000000000000110000000
S29E03,SEASONAL PROGRESSION,0000000100000010000000000011000010000110000000000001110000110000010
S29E04,LIGHT AT THE SUMMIT,0000000000000000100000000001000000000110000100000000000010110000000
S29E05,COUNTRYSIDE BARN,0010000000000000100000000001000000000000000100000000000100100000000
S29E06,MOUNTAIN LAKE FALLS,0000000000000111000000000000000010000110000000001000100000110100000
S29E07,CYPRESS CREEK,0000000000000000100000000001000000000000000000001000000000110000000
S29E08,TRAPPER'S CABIN,0000000110000010100000000000000010000110000000000000000100110000000
S29E09,STORM ON THE HORIZON,0001000000000100000000000001000000000000101000000100000000000010000
S29E10,POT 'O POSIES,0000000000000000000000001000100000000000000000000000000000000000000
S29E11,PERFECT WINTER'S DAY,0000000110000110000000000000000000000100000000000001100100110000010
S29E12,AURORA'S DANCE,0100000010000010000000000000000010000001000000000001000000110000010
S29E13,THE WOODMAN'S RETREAT,0000000100000010000000000000000010000110000000000000100000110000000
S30E01,BABBLING BROOK,0000000100000000100000000001000000000000000000001000000000100100000
S30E02,WOODGRAIN VIEW,0000000000000000100000000011000010000100000000000000100000100000001
S30E03,WINTER'S PEACE,0000000010000110000000000000000010000000000000000000000100110000000
S30E04,WILDERNESS TRAIL,0000000100000000100000000000000000000000000100000000000000110000000
S30E05,COPPER WINTER,0000000000000010100000000000000010000000000000000000000000110000000
S30E06,MISTY FOOTHILLS,0000000000000111000000000000000110000100000000000000000000110000000
S30E07,THROUGH THE WINDOW,0000000000000010100000000010000000000000000000000001000000110000110
S30E08,HOME IN THE VALLEY,0000000010000111000000000001000010000000000000000000000100110000000
S30E09,MOUNTAINS OF GRACE,0000000000010110100000000000100000000110000000001000101000110000000
S30E10,SEASIDE HARMONY,0001000000000100000000000000000000000000100000000100000000000010000
S30E11,COLD SPRING DAY,0000000100000010000000000000000010000110000000000000100000110000000
S30E12,EVENING'S GLOW,0000000010000010100000000001000000000000000100000000000010110000000
S30E13,BLUE RIDGE FALLS,0000000100000010000000000000000000000100000000001100000000110100000
S31E01,REFLECTIONS OF CALM,0000000000000010000000000000000010000110000000000000000000110000000
S31E02,BEFORE THE SNOWFALL,0000000110000110000000000000000000000000000000001000000100110000000
S31E03,WINDING STREAM,0000000000000110000000000001000000000000000000001100000000110000000
S31E04,TRANQUILITY COVE,0000000000000000100000000001000010000000000000000100000000110000000
S31E05,CABIN IN THE HOLLOW,0000000010000010000000000010000000000000010000001001000000110000010
S31E06,VIEW FROM CLEAR CREEK,0000000100000010000000000001000000000110000000001000000000110000000
S31E07,BRIDGE TO AUTUMN,0000010000000000100000000000000010000000000100000000000100110000000
S31E08,TRAIL'S END,0000000000000100100000000000000000000000000100000000000000110000000
S31E09,EVERGREEN VALLEY,0000000000000010000000000001000000000110000000000100100000110000000
S31E10,BALMY BEACH,0001000000000000000000000010000000000000101000000110000000000010000
S31E11,LAKE AT THE RIDGE,0000000000000110100000000001100010000110000000000000101000110000000
S31E12,IN THE MIDST OF WINTER,0010000000000010100000000100000000000000000100000001000100110000010
S31E13,WILDERNESS DAY,0000000000000000100000000001000000000100000000000000000000110000000
